feature_id,feature,matrix_status,module_path,entry_routes,reachability,entry_evidence,deep_links,data_provider_anchor,drift_note
F01,achievement,CONTEXTUAL,mobile/lib/features/achievement,/achievements; /achievements/streak; /achievements/map; /achievements/contract; /achievements/:id; /achievements/milestone/:milestoneId,root_route+UI入口6处+deep+横幅入口,achievement_routes.dart(挂routes.dart:427); shell_navigation.dart:288; notification_center/unified_notification_card.dart:518,sparkle://achievement,achievement/presentation/providers(achievement_provider等),milestone路由无UI入边(深链专用); DF-08 id-less深链歧义
F02,aurora,CORE,mobile/lib/features/aurora,(无独立屏)数据层经chat extra(aurora_correction)+home启动消息,embedded_data_layer,chat/presentation/providers/aurora_status_provider.dart; chat_screen.dart消费,无,aurora 3 provider文件,数据层设计如此(D07)
F03,auth,CORE,mobile/lib/features/auth,/login /register /forgot-password /reset-password /legal/terms /legal/privacy,public_paths+redirect守卫,app/routes.dart:153-160(publicAuthPaths)+redirect 192-209,无,auth providers(authProvider 挂routes.dart:91),公开路径集合与重定向核验一致
F04,calendar,CONTEXTUAL,mobile/lib/features/calendar,/calendar; /calendar-stats; /calendar/day,root_route+home日历卡入口,calendar_routes.dart(挂routes.dart:416); home/widgets/calendar_heatmap_card.dart:231; task_preview_panel.dart:229; interactive_task_card.dart:333,无,calendar providers,字符串导航3处核验一致
F05,chat,CORE,mobile/lib/features/chat,/chat(Tab-2); /chat/settings; /chat/group/:id; /chat/private/:id,tab_shell+子路由,routes.dart:283(Branch-2); community 5处push('/chat/private|group/..'),无,chat providers(chatProvider等),legacy /community/*chat* 4条为redirect兼容shim
F06,cognitive,CORE,mobile/lib/features/cognitive,/cognitive/patterns; /curiosity-capsule,root_route+字符串导航+deep,cognitive_routes.dart; tool_registry.dart:331; prism_card.dart:177(/errors归error_book),sparkle://prism; sparkle://capsule,cognitive providers,核验一致
F07,community,CONTEXTUAL,mobile/lib/features/community,/community(Tab-3)+17子路由,tab_shell+子路由; 4条孤儿路由,routes.dart:368(Branch-3); squad_list_screen.dart:117(squadDetailPath); group_detail_screen.dart:416(members),无,community providers(groupChatProvider等),"DF-06: /community/favorites,/community/groups/search,/community/users/search,/community/groups/:id/moderation 0入边"
F08,document,CONTEXTUAL,mobile/lib/features/document,(无路由),embedded_data_layer,"document/{controllers,models,repositories,views} 被 documents/上传流消费",无,document repositories,矩阵一致
F09,documents,CONTEXTUAL,mobile/lib/features/documents,/library; /documents,root_route+2常量入口; /documents 0入边,profile_screen.dart:674; unified_settings_screen.dart:831,无,documents providers,DF-10: /documents 路由无入边(/library 为实际入口)
F10,error_book,CONTEXTUAL,mobile/lib/features/error_book,/errors; /errors/new; /errors/:id/edit; (+2附属路径),root_route+字符串导航,error_list_screen.dart:564(/errors/new); error_detail_screen.dart:955(/errors/:id/edit); prism_card.dart:177,无,error_book providers,核验一致
F11,experience,CONTEXTUAL,mobile/lib/features/experience,(无独立屏)snapshot卡被goal/understanding消费,embedded_data_layer,experience/presentation/widgets/goal_detail_snapshot_card.dart; understanding_snapshot_card.dart,无,experience_provider.dart,矩阵一致
F12,file,CONTEXTUAL,mobile/lib/features/file,(无路由),embedded_data_layer,file/data/repositories/file_repository.dart; services/file_cache_service.dart,无,file_repository.dart,矩阵一致
F13,focus,CONTEXTUAL,mobile/lib/features/focus,/focus; /focus/mindfulness/:id,root_route+home工具卡+字符串导航,"focus_routes.dart(挂routes.dart:415); focus_main_screen.dart:169,224",无,focus providers(本地Isar真源),矩阵一致
F14,galaxy,CORE,mobile/lib/features/galaxy,/galaxy(Tab-1); /galaxy/node/:id; /galaxy/drafts/review,tab_shell+子路由+const入口,routes.dart:259(Branch-1); draftReview const×2,sparkle://node(带id),galaxy providers,DF-09: sparkle://node 无id→404兜底(/galaxy/node 未注册)
F15,goal,CORE,mobile/lib/features/goal,/goals/new; /goals/:goalId,root_route+home字符串导航,goal_routes.dart; dashboard字符串导航2处,无,goal providers,矩阵一致
F16,home,CORE,mobile/lib/features/home,/home(Tab-0); /notifications; /weather,tab_shell+2子路由,routes.dart:241(Branch-0)+PlanRoutes.shellRoutes挂Branch-0(routes.dart:252),无,home providers(dashboard/growth/weekly),DF-05: /notifications 0入边(通知卡push /notification-center: home_notification_card.dart:65); /weather const入口
F17,insights,CORE,mobile/lib/features/insights,/learning/insights; /learning/insights/dashboard; /learning/insights/directives; /learning/insights/growth-chronicle; /learning-path; /learning/forecast,root_route+overviewLocation()入口+route-config,"insight_hub_card.dart:132,181(overviewLocation); galaxy_screen.dart:2043(/learning-path); expanded_toolbar_section.dart:93+tool_registry.dart:296(/learning/forecast)",sparkle://insights,insights providers,learning-path经GoRouter.of(Uri)核验
F18,intent,CONTEXTUAL,mobile/lib/features/intent,(无UI),embedded_data_layer,intent/data/repositories/intent_repository.dart; intent_provider被omnibar/chat消费,无,intent providers,矩阵一致
F19,knowledge,CONTEXTUAL,mobile/lib/features/knowledge,(无自有路由)唯一屏经/galaxy/node/:id呈现,embedded_via_galaxy_route,galaxy_routes.dart:47-49(knowledgeDetail→KnowledgeDetailScreen),无,knowledge providers(vocabulary_repository等),矩阵一致(经galaxy出现)
F20,leaderboard,CONTEXTUAL,mobile/lib/features/leaderboard,/leaderboards/self-anchor(唯一路由面),root_route+2实入口,plan/sprint_screen.dart:64; community/squad_detail_screen.dart:295,无,leaderboard providers,D-COMM-1自我锚核验一致; 全站榜无路由
F21,memory,CORE,mobile/lib/features/memory,/memory; /memory/settings; /memory/detail; /memory/understanding,root_route+unified_settings/persona入口,memory_routes.dart; unified_settings const入口,无,memory providers(episodic等),矩阵一致
F22,mirofish,LABS,mobile/lib/features/mirofish,(不可达为页面),embedded_host_screens(LABS),simulation_screen/theater_screen/report_screen 引用,无,无(纯展示组件),矩阵一致
F23,notification_center,CONTEXTUAL,mobile/lib/features/notification_center,/notification-center,root_route+5处字符串导航+推送深链,"home_notification_card.dart:65; recent_insights_card.dart:252,258",无,notification_center providers,DF-03: /notification-analytics 已摘除路由表(NAV-IA P-3)矩阵滞后
F25,openclaw,CONTEXTUAL,mobile/lib/features/openclaw,/openclaw,root_route+home卡+chat delegate+deep,openclaw_hub_card.dart:109; chat_screen.dart:1550('${HomeRoutes.openClawHub}?section=delegate'),sparkle://openclaw; sparkle://openclaw-settings,openclaw providers,核验一致
F26,photon,CONTEXTUAL,mobile/lib/features/photon,/photon/redeem-pro; /photon/history,root_route+profile入口+二级入口,user/profile_screen.dart:697(redeemPro); redeem屏→history,无,photon providers,D-COMM-2兑换出口核验一致; /photon/transfer已撤(矩阵注记一致)
F27,plan,CORE,mobile/lib/features/plan,/plans 家族15路径(/plans+/exam-sprint/*+/growth+/sprint*),tab_shell(Branch-0 shellRoutes)+root_route+深链,routes.dart:252(Branch-0挂PlanRoutes.shellRoutes); plan_detail_screen.dart:251(Uri push /exam-sprint/completion),sparkle://plan,plan providers,/exam-sprint/portfolio const入口; completion经Uri核验; diagnose const入口
F28,reflection,HIDDEN,mobile/lib/features/reflection,/reflection/summary,registered_no_ui_entry(HIDDEN by design),0入边核验一致(仅routes.dart:430挂载),无,无独立provider,矩阵一致HIDDEN孤儿; 确认未变
F29,report,CONTEXTUAL,mobile/lib/features/report,/learning-report,root_route+insights/home卡10处常量引用,insight_hub_card.dart:138,无,report providers,核验一致
F30,reviews,CONTEXTUAL,mobile/lib/features/reviews,/review; /review-plan,root_route+error_detail/home工具卡,tool_registry.dart:281(ReviewRoutes.planHub); review字符串5处,无,reviews providers,数据薄观察项(矩阵一致)
F31,seed_library,LABS,mobile/lib/features/seed_library,/seed-libraries; /seed-libraries/marketplace; /seed-libraries/new; /seed-libraries/:id,root_route+home卡+chat settings,home/seed_library_dashboard_card.dart:27; marketplace const×2,无,seed_library providers,LABS命名空间(D05)矩阵一致
F32,settings,CORE,mobile/lib/features/settings,(无独立路由组)4能力面: transparency内联unified settings; accessibility经MaterialPageRoute; data-usage内联; openclaw→/profile/openclaw-settings,inline+MaterialPageRoute(非UserRoutes路由),unified_settings_screen.dart:693(accessibility MaterialPageRoute); :516(transparencyLevelProvider),无,settings providers(accessibility/transparency/openclaw prefs),DF-04: 矩阵'/settings/transparency字符串导航1'已不存在(0命中); settings自屏OpenclawSettingsScreen 0外部消费者
F33,shop,HIDDEN,mobile/lib/features/shop,/shop,registered_no_ui_entry(HIDDEN),0入边核验(仅routes.dart:435挂载),无,无(空目录),"DF-01: 矩阵'streak_details 1入口'已不存在, 矩阵滞后; HIDDEN不自动开放验收符合"
F34,simulation,LABS,mobile/lib/features/simulation,/simulation,root_route+const入口(LABS),SimulationRoutes.simulation const×1,无,simulation providers,矩阵一致; 无自动开放
F35,splash,CORE,mobile/lib/features/splash,/ (initial),initial_route+redirect中转,routes.dart:115(initialLocation)+_safePendingRedirect:68-83,深链redirect中转,splash providers,核验一致(防开放重定向)
F36,task,CORE,mobile/lib/features/task,/tasks 家族4路径,root_route+最高频字符串导航+home卡,task_routes.dart; focus_main/home cockpit/execution多处push,sparkle://task,task providers,矩阵一致; execution流核验
F37,theater,LABS,mobile/lib/features/theater,/theater,root_route+const入口(LABS),TheaterRoutes.theater const×1,无,theater providers,矩阵一致
F38,tools,CONTEXTUAL,mobile/lib/features/tools,/tools/library; /tools/:toolId,root_route+hub卡+registry routeBuilder,"cognitive_tool_hub_card.dart:116,204,502(/tools/library); tool_registry routeBuilder→原生功能路由",无,tool providers,DF-07: /tools/:toolId 0动态push(工具经registry原生路由直达); /tools/library为唯一实入口
F39,translation,CONTEXTUAL,mobile/lib/features/translation,/translations/history,root_route+translator_tool常量入口,translation_routes.dart; translator_tool const×1,无,translation providers,矩阵一致
F40,user,CORE,mobile/lib/features/user,/profile(Tab-4)+22子路由,tab_shell+最高子路由密度,routes.dart:385(Branch-4); UserRoutes 22路径const引用,sparkle://openclaw-settings→/profile/openclaw-settings,user providers,"核验一致; onboarding归user: /onboarding/persona+/onboarding/modeling-chat(user_routes, 无独立feature目录)"
F41,visual_elements,LABS,mobile/lib/features/visual_elements,/visual-elements,registered_no_ui_entry(LABS),0入边; U-07双入口摘除注释 profile_screen.dart:709+unified_settings_screen.dart:822,无,visual_element_provider(shared),"DF-02: 矩阵'2处引用可达'已失效, 矩阵滞后; LABS不自动开放验收符合"
F42,vocabulary,CONTEXTUAL,mobile/lib/features/vocabulary,(无自有路由)经tool_registry vocabulary_lookup工具,embedded_tool,tool_registry.dart:216('vocabulary_lookup'); vocabulary_lookup_tool.dart,无,vocabulary providers(local repo+offline dict),矩阵一致
F43,journey,CONTEXTUAL,mobile/lib/features/journey,(无路由)FirstActionCard嵌入home dashboard,embedded_card+sheet,dashboard_screen.dart:65-66(import)+262(V3-FIX-540注释); 后端/journey/first-action活,无,first_action_repository.dart; hybrid_journey_repository.dart,矩阵一致; HybridJourneySheet 0外部调用(V3-FIX-535)确认未变
F44,recovery,CONTEXTUAL,mobile/lib/features/recovery,(无路由)showStuckJourneySheet嵌入3 CORE宿主,embedded_sheet,home/today_cockpit_card.dart:305; task/task_execution_screen.dart:544; goal/goal_detail_screen.dart:509,无,stuck_journey_repository.dart,矩阵一致(3宿主行号精确匹配)
