path,owner_feature,route_name,defined_in,category,inbound_string_nav,inbound_const_ref,inbound_deep_link,verification_note
/,splash,splash,mobile/lib/features/splash/splash_routes.dart,active_entry,1,0,0,
/achievements,achievement,,mobile/lib/features/achievement/achievement_routes.dart,active_entry,6,6,1,
/achievements/:id,achievement,achievementDetail,mobile/lib/features/achievement/achievement_routes.dart,active_entry,0,0,0,manual: shell_navigation.dart:288 push('/achievements/${id}')
/achievements/contract,achievement,,mobile/lib/features/achievement/achievement_routes.dart,active_entry,0,1,0,
/achievements/map,achievement,,mobile/lib/features/achievement/achievement_routes.dart,active_entry,0,1,0,
/achievements/milestone/:milestoneId,achievement,achievementMilestone,mobile/lib/features/achievement/achievement_routes.dart,deep_link_only,0,0,0,manual: DeepLinkService milestone mapping
/achievements/streak,achievement,,mobile/lib/features/achievement/achievement_routes.dart,active_entry,0,1,0,
/calendar,calendar,calendar,mobile/lib/features/calendar/calendar_routes.dart,active_entry,2,1,0,
/calendar-stats,calendar,calendarStats,mobile/lib/features/calendar/calendar_routes.dart,active_entry,3,0,0,
/calendar/day,calendar,calendarDailyDetail,mobile/lib/features/calendar/calendar_routes.dart,active_entry,2,2,0,
/chat,chat,,mobile/lib/app/routes.dart,tab_shell,10,7,0,
/chat/group/:id,chat,groupChat,mobile/lib/features/chat/chat_routes.dart,active_entry,4,0,0,
/chat/private/:id,chat,privateChat,mobile/lib/features/chat/chat_routes.dart,active_entry,6,0,0,
/chat/settings,chat,chatSettings,mobile/lib/features/chat/chat_routes.dart,active_entry,0,1,0,
/cognitive/patterns,cognitive,patternList,mobile/lib/features/cognitive/cognitive_routes.dart,active_entry,4,0,1,
/community,community,,mobile/lib/app/routes.dart,tab_shell,3,2,0,
/community/accountability,community,accountability,mobile/lib/features/community/community_routes.dart,active_entry,5,3,0,
/community/accountability/:id,community,accountabilityDetail,mobile/lib/features/community/community_routes.dart,active_entry,1,10,0,
/community/blocked,community,blockedUsers,mobile/lib/features/community/community_routes.dart,active_entry,0,1,0,
/community/chat/group/:id,chat,,mobile/lib/features/chat/chat_routes.dart,legacy_redirect,0,0,0,manual: redirect→/chat/group/:id
/community/chat/private/:id,chat,,mobile/lib/features/chat/chat_routes.dart,legacy_redirect,0,0,0,manual: redirect→/chat/private/:id
/community/favorites,community,favorites,mobile/lib/features/community/community_routes.dart,registered_no_ui_entry,0,0,0,
/community/feed,community,communityFeed,mobile/lib/features/community/community_routes.dart,active_entry,0,3,0,
/community/friends,community,friends,mobile/lib/features/community/community_routes.dart,active_entry,0,8,0,
/community/friends/:id/chat,chat,,mobile/lib/features/chat/chat_routes.dart,legacy_redirect,0,0,0,manual: redirect→/chat/private/:id
/community/friends/discover,community,friendsDiscover,mobile/lib/features/community/community_routes.dart,active_entry,0,2,0,
/community/friends/requests,community,friendRequests,mobile/lib/features/community/community_routes.dart,active_entry,0,5,0,
/community/groups,community,groups,mobile/lib/features/community/community_routes.dart,active_entry,1,2,0,
/community/groups/:id,community,groupDetail,mobile/lib/features/community/community_routes.dart,active_entry,5,1,0,
/community/groups/:id/chat,chat,,mobile/lib/features/chat/chat_routes.dart,legacy_redirect,0,0,0,manual: redirect→/chat/group/:id
/community/groups/:id/files,community,groupFiles,mobile/lib/features/community/community_routes.dart,active_entry,0,1,0,
/community/groups/:id/members,community,groupMembers,mobile/lib/features/community/community_routes.dart,active_entry,1,0,0,
/community/groups/:id/moderation,community,groupModeration,mobile/lib/features/community/community_routes.dart,registered_no_ui_entry,0,0,0,
/community/groups/:id/tasks,community,groupTasks,mobile/lib/features/community/community_routes.dart,active_entry,1,1,0,
/community/groups/create,community,createGroup,mobile/lib/features/community/community_routes.dart,active_entry,3,0,0,
/community/groups/discover,community,groupDiscover,mobile/lib/features/community/community_routes.dart,active_entry,5,0,0,
/community/groups/search,community,groupSearch,mobile/lib/features/community/community_routes.dart,registered_no_ui_entry,0,0,0,
/community/posts/create,community,createPost,mobile/lib/features/community/community_routes.dart,active_entry,0,4,0,
/community/squads,community,squadList,mobile/lib/features/community/community_routes.dart,active_entry,0,4,0,
/community/squads/:id,community,squadDetail,mobile/lib/features/community/community_routes.dart,active_entry,0,1,0,
/community/users/:id,community,userProfile,mobile/lib/features/community/community_routes.dart,active_entry,1,2,0,
/community/users/search,community,userSearch,mobile/lib/features/community/community_routes.dart,registered_no_ui_entry,0,0,0,
/curiosity-capsule,cognitive,curiosityCapsule,mobile/lib/features/cognitive/cognitive_routes.dart,active_entry,5,0,1,
/documents,documents,,mobile/lib/features/documents/documents_routes.dart,registered_no_ui_entry,0,0,0,
/errors,error_book,errors,mobile/lib/features/error_book/error_book_routes.dart,active_entry,3,0,0,
/errors/:id,error_book,errorDetail,mobile/lib/features/error_book/error_book_routes.dart,active_entry,1,0,0,
/errors/:id/edit,error_book,editError,mobile/lib/features/error_book/error_book_routes.dart,active_entry,1,0,0,
/errors/new,error_book,addError,mobile/lib/features/error_book/error_book_routes.dart,active_entry,1,0,0,
/exam-sprint/completion,plan,examSprintCompletion,mobile/lib/features/plan/plan_routes.dart,active_entry,0,0,0,manual: plan_detail_screen.dart:251 Uri push
/exam-sprint/diagnose,plan,examSprintDiagnose,mobile/lib/features/plan/plan_routes.dart,active_entry,1,0,0,
/exam-sprint/portfolio,plan,learningPortfolio,mobile/lib/features/plan/plan_routes.dart,active_entry,0,7,0,
/exam-sprint/review,plan,examSprintReview,mobile/lib/features/plan/plan_routes.dart,active_entry,1,1,0,
/exam-sprint/setup,plan,examSprintSetup,mobile/lib/features/plan/plan_routes.dart,active_entry,2,1,0,
/focus,focus,focus,mobile/lib/features/focus/focus_routes.dart,active_entry,6,0,0,
/focus/mindfulness/:id,focus,mindfulness,mobile/lib/features/focus/focus_routes.dart,active_entry,2,0,0,
/forgot-password,auth,forgotPassword,mobile/lib/features/auth/auth_routes.dart,active_entry,1,0,0,
/galaxy,galaxy,,mobile/lib/app/routes.dart,tab_shell,5,14,0,
/galaxy/drafts/review,galaxy,galaxyDraftReview,mobile/lib/features/galaxy/galaxy_routes.dart,active_entry,0,2,0,
/galaxy/node/:id,galaxy,knowledgeDetail,mobile/lib/features/galaxy/galaxy_routes.dart,active_entry,3,4,0,
/goals/:goalId,goal,goalDetail,mobile/lib/features/goal/goal_routes.dart,active_entry,4,1,0,
/goals/new,goal,goalCreate,mobile/lib/features/goal/goal_routes.dart,active_entry,1,1,0,
/growth,plan,growth,mobile/lib/features/plan/plan_routes.dart,active_entry,3,1,0,
/home,home,,mobile/lib/app/routes.dart,tab_shell,9,5,0,
/leaderboards/self-anchor,leaderboard,selfAnchor,mobile/lib/features/leaderboard/leaderboard_routes.dart,active_entry,0,2,0,
/learning-path,insights,learning-path,mobile/lib/features/insights/insights_routes.dart,active_entry,0,0,0,manual: galaxy_screen.dart:2043
/learning-report,report,learning-report,mobile/lib/features/report/report_routes.dart,active_entry,0,10,0,
/learning/forecast,insights,learningForecast,mobile/lib/features/insights/insights_routes.dart,active_entry,0,0,0,manual: expanded_toolbar_section.dart:93; tool_registry.dart:296
/learning/insights,insights,learning-insights-overview,mobile/lib/features/insights/insights_routes.dart,active_entry,0,0,1,
/learning/insights/dashboard,insights,learning-dashboard,mobile/lib/features/insights/insights_routes.dart,active_entry,0,1,0,
/learning/insights/directives,insights,directive-audit,mobile/lib/features/insights/insights_routes.dart,active_entry,0,1,0,
/learning/insights/growth-chronicle,insights,growth-chronicle,mobile/lib/features/insights/insights_routes.dart,active_entry,0,1,0,
/legal/privacy,auth,legalPrivacy,mobile/lib/features/auth/auth_routes.dart,active_entry,3,0,0,
/legal/terms,auth,legalTerms,mobile/lib/features/auth/auth_routes.dart,active_entry,3,0,0,
/library,documents,studyMaterialsLibrary,mobile/lib/features/documents/documents_routes.dart,active_entry,0,2,0,
/login,auth,login,mobile/lib/features/auth/auth_routes.dart,active_entry,11,0,0,
/memory,memory,memoryPanel,mobile/lib/features/memory/memory_routes.dart,active_entry,0,1,0,
/memory/detail,memory,memoryDetail,mobile/lib/features/memory/memory_routes.dart,active_entry,0,2,0,
/memory/settings,memory,memorySettings,mobile/lib/features/memory/memory_routes.dart,active_entry,0,1,0,
/memory/understanding,memory,memoryUnderstanding,mobile/lib/features/memory/memory_routes.dart,active_entry,0,3,0,
/notification-center,notification_center,notificationCenter,mobile/lib/features/notification_center/notification_center_routes.dart,active_entry,5,0,0,
/notifications,home,notifications,mobile/lib/features/home/home_routes.dart,registered_no_ui_entry,0,0,0,
/onboarding/modeling-chat,user,modelingChat,mobile/lib/features/user/user_routes.dart,active_entry,0,3,0,
/onboarding/persona,user,personaOnboarding,mobile/lib/features/user/user_routes.dart,active_entry,0,4,0,
/openclaw,openclaw,openclaw-hub,mobile/lib/features/openclaw/openclaw_routes.dart,active_entry,0,0,1,
/photon/history,photon,photonTransactionHistory,mobile/lib/features/photon/photon_routes.dart,active_entry,0,1,0,
/photon/redeem-pro,photon,photonRedeemPro,mobile/lib/features/photon/photon_routes.dart,active_entry,0,2,0,
/plans,plan,plans,mobile/lib/features/plan/plan_routes.dart,active_entry,0,1,1,
/plans/:id,plan,,mobile/lib/features/plan/plan_routes.dart,active_entry,17,1,0,
/plans/:id/edit,plan,editPlan,mobile/lib/features/plan/plan_routes.dart,active_entry,4,0,0,
/plans/:id/review,plan,sprintReview,mobile/lib/features/plan/plan_routes.dart,active_entry,1,0,0,
/plans/history,plan,planHistory,mobile/lib/features/plan/plan_routes.dart,active_entry,3,0,0,
/plans/new,plan,createPlan,mobile/lib/features/plan/plan_routes.dart,active_entry,8,0,0,
/profile,user,,mobile/lib/app/routes.dart,tab_shell,5,4,0,
/profile/account-security,user,accountSecurity,mobile/lib/features/user/user_routes.dart,active_entry,0,1,0,
/profile/admin-operations,user,adminOperations,mobile/lib/features/user/user_routes.dart,active_entry,0,1,0,
/profile/delete-account,user,deleteAccount,mobile/lib/features/user/user_routes.dart,active_entry,0,2,0,
/profile/edit,user,editProfile,mobile/lib/features/user/user_routes.dart,active_entry,0,1,0,
/profile/export-data,user,profileExportData,mobile/lib/features/user/user_routes.dart,active_entry,0,2,0,
/profile/memory-settings,user,profileMemorySettings,mobile/lib/features/user/user_routes.dart,active_entry,0,2,0,
/profile/music-library,user,bgmLibrary,mobile/lib/features/user/user_routes.dart,active_entry,0,1,0,
/profile/openclaw-settings,user,openClawSettings,mobile/lib/features/user/user_routes.dart,active_entry,0,1,1,
/profile/password-reset,user,passwordReset,mobile/lib/features/user/user_routes.dart,active_entry,0,1,0,
/profile/persona,user,profilePersona,mobile/lib/features/user/user_routes.dart,active_entry,0,2,0,
/profile/posters,user,posterStudio,mobile/lib/features/user/user_routes.dart,active_entry,0,1,0,
/profile/security-log,user,securityLog,mobile/lib/features/user/user_routes.dart,active_entry,0,1,0,
/profile/sessions,user,sessionManagement,mobile/lib/features/user/user_routes.dart,active_entry,0,1,0,
/profile/settings,user,profileSettings,mobile/lib/features/user/user_routes.dart,active_entry,2,2,0,
/profile/skills,user,skillManagement,mobile/lib/features/user/user_routes.dart,active_entry,0,1,0,
/profile/social-accounts,user,socialAccounts,mobile/lib/features/user/user_routes.dart,active_entry,0,1,0,
/profile/sync-center,user,syncCenter,mobile/lib/features/user/user_routes.dart,active_entry,0,1,0,
/profile/system-updates,user,systemUpdates,mobile/lib/features/user/user_routes.dart,active_entry,0,2,0,
/profile/task-reminders,user,taskReminderSettings,mobile/lib/features/user/user_routes.dart,active_entry,0,1,0,
/profile/upgrade-guest,user,guestUpgrade,mobile/lib/features/user/user_routes.dart,active_entry,0,1,0,
/reflection/summary,reflection,reflectionSummary,mobile/lib/features/reflection/reflection_routes.dart,registered_no_ui_entry,0,0,0,
/register,auth,register,mobile/lib/features/auth/auth_routes.dart,active_entry,2,0,0,
/reset-password,auth,resetPassword,mobile/lib/features/auth/auth_routes.dart,active_entry,2,0,0,
/review,reviews,review,mobile/lib/features/reviews/reviews_routes.dart,active_entry,5,0,0,
/review-plan,reviews,reviewPlanHub,mobile/lib/features/reviews/reviews_routes.dart,active_entry,0,5,0,
/seed-libraries,seed_library,seedLibraries,mobile/lib/features/seed_library/seed_library_routes.dart,active_entry,1,1,0,
/seed-libraries/:id,seed_library,seedLibraryDetail,mobile/lib/features/seed_library/seed_library_routes.dart,active_entry,0,1,0,
/seed-libraries/marketplace,seed_library,seedMarketplace,mobile/lib/features/seed_library/seed_library_routes.dart,active_entry,0,2,0,
/seed-libraries/new,seed_library,createSeedLibrary,mobile/lib/features/seed_library/seed_library_routes.dart,active_entry,0,3,0,
/shop,shop,,mobile/lib/features/shop/shop_routes.dart,registered_no_ui_entry,0,0,0,
/simulation,simulation,simulation,mobile/lib/features/simulation/simulation_routes.dart,active_entry,0,1,0,
/sprint,plan,sprint,mobile/lib/features/plan/plan_routes.dart,active_entry,4,2,0,
/sprint/history,plan,sprintHistory,mobile/lib/features/plan/plan_routes.dart,active_entry,0,5,0,
/tasks,task,tasks,mobile/lib/features/task/task_routes.dart,active_entry,10,9,1,
/tasks/:id,task,taskDetail,mobile/lib/features/task/task_routes.dart,active_entry,17,1,0,
/tasks/:id/execute,task,taskExecution,mobile/lib/features/task/task_routes.dart,active_entry,16,2,0,
/tasks/new,task,createTask,mobile/lib/features/task/task_routes.dart,active_entry,9,5,0,
/theater,theater,theater,mobile/lib/features/theater/theater_routes.dart,active_entry,0,1,0,
/tools/:toolId,tools,toolHost,mobile/lib/features/tools/tools_routes.dart,registered_no_ui_entry,0,0,0,
/tools/library,tools,toolLibrary,mobile/lib/features/tools/tools_routes.dart,active_entry,4,0,0,
/translations/history,translation,translationHistory,mobile/lib/features/translation/translation_routes.dart,active_entry,0,1,0,
/visual-elements,visual_elements,,mobile/lib/features/visual_elements/visual_elements_routes.dart,registered_no_ui_entry,0,0,0,
/weather,home,weather-guide,mobile/lib/features/home/home_routes.dart,active_entry,0,1,0,
